{
  "tables": [
    {
      "name": "Leads",
      "fields": [
        { "name": "Name", "type": "singleLineText" },
        { "name": "Phone", "type": "phoneNumber" },
        { "name": "Email", "type": "email" },
        { "name": "Address", "type": "singleLineText" },
        { "name": "Roof Type", "type": "singleSelect", "options": ["shingle", "metal", "flat", "unsure"] },
        { "name": "Urgency", "type": "singleSelect", "options": ["24_hours", "3_days", "2_weeks", "flexible"] },
        { "name": "Source", "type": "singleSelect", "options": ["website", "facebook", "instagram", "phone", "ads"] },
        { "name": "Status", "type": "singleSelect", "options": ["New", "Contacted", "Booked", "Completed", "Lost"], "default": "New" },
        { "name": "Initial Message", "type": "longText" },
        { "name": "Conversation IDs", "type": "multipleRecordLinks", "linkedTable": "Conversations" },
        { "name": "Appointment IDs", "type": "multipleRecordLinks", "linkedTable": "Appointments" },
        { "name": "Created At", "type": "createdTime" },
        { "name": "Last Contacted", "type": "date" }
      ]
    },
    {
      "name": "Conversations",
      "fields": [
        { "name": "Lead", "type": "singleRecordLink", "linkedTable": "Leads" },
        { "name": "Channel", "type": "singleSelect", "options": ["chatbot", "sms", "facebook", "call"] },
        { "name": "Messages", "type": "longText" },
        { "name": "Timestamp", "type": "createdTime" }
      ]
    },
    {
      "name": "Appointments",
      "fields": [
        { "name": "Lead", "type": "singleRecordLink", "linkedTable": "Leads" },
        { "name": "Start", "type": "dateTime" },
        { "name": "End", "type": "dateTime" },
        { "name": "Status", "type": "singleSelect", "options": ["Scheduled", "Completed", "Cancelled"] },
        { "name": "Calendar Event URL", "type": "url" },
        { "name": "Created At", "type": "createdTime" }
      ]
    }
  ]
}