{
  "website_chat_lead": {
    "name": "Jane Doe",
    "phone": "+15551234567",
    "address": "123 Main St, Springfield, ST",
    "roof_type": "shingle",
    "urgency": "2_weeks",
    "message": "My roof has a leak when it rains",
    "source": "website_chat"
  },
  "facebook_messenger_event": {
    "object": "page",
    "entry": [
      {
        "id": "PAGE_ID",
        "time": 1660000000000,
        "messaging": [
          {
            "sender": { "id": "PSID" },
            "recipient": { "id": "PAGE_ID" },
            "timestamp": 1660000000000,
            "message": { "mid": "mid.123", "text": "Hi, I need a roof inspection" }
          }
        ]
      }
    ]
  },
  "twilio_inbound_sms": {
    "From": "+15559876543",
    "To": "+15551234567",
    "Body": "Can you repair hail damage?",
    "SmsSid": "SMXXXXXXXXXXXXXXXX"
  }
}