{
  "name": "FB/IG DM Lead → Auto Reply + Multi-step Follow-up",
  "modules": [
    {
      "id": "1",
      "type": "Webhook (FB events)",
      "settings": {
        "webhookUrl": "https://hook.eu1.make.com/fb_messenger_hook"
      }
    },
    {
      "id": "2",
      "type": "Filter: new_msg",
      "settings": {
        "condition": "{{1.message.text}} exists"
      }
    },
    {
      "id": "3",
      "type": "Send Message (Facebook Graph API)",
      "settings": {
        "pageAccessToken": "FB_PAGE_TOKEN",
        "recipientId": "{{1.sender.id}}",
        "message": "Thanks for reaching out! Can I get your name and phone number so we can help?"
      }
    },
    {
      "id": "4",
      "type": "Create Lead (Airtable)",
      "settings": {
        "map": {
          "Initial Message": "{{1.message.text}}",
          "Source": "facebook"
        }
      }
    },
    {
      "id": "5",
      "type": "Delay",
      "settings": {
        "wait": "12 hours"
      }
    },
    {
      "id": "6",
      "type": "Check if Booked (Airtable)",
      "settings": {
        "filter": "Status != 'Booked' AND 'Phone' is empty"
      }
    },
    {
      "id": "7",
      "type": "Send SMS OR FB message",
      "settings": {
        "message": "We didn't hear back — can we text you a booking link?"
      }
    }
  ]
}