{
  "name": "Website Lead → CRM → Booking + Follow-ups",
  "description": "Example Make.com scenario to handle website leads",
  "modules": [
    {
      "id": "1",
      "type": "Webhook",
      "settings": {
        "webhookUrl": "https://hook.eu1.make.com/xxxxxxxx", 
        "method": "POST",
        "description": "Receives website chatbot form submission or server forwarded payload"
      }
    },
    {
      "id": "2",
      "type": "Airtable - Create Record",
      "settings": {
        "apiKey": "AIRTABLE_API_KEY",
        "baseId": "AIRTABLE_BASE_ID",
        "table": "Leads",
        "fieldsMap": {
          "Name": "{{1.name}}",
          "Phone": "{{1.phone}}",
          "Address": "{{1.address}}",
          "Roof Type": "{{1.roof_type}}",
          "Urgency": "{{1.urgency}}",
          "Source": "{{1.source}}",
          "Initial Message": "{{1.message}}"
        }
      }
    },
    {
      "id": "3",
      "type": "Router",
      "routes": [
        {
          "condition": "{{1.booking_link}} exists",
          "next": "4"
        },
        {
          "condition": "default",
          "next": "5"
        }
      ]
    },
    {
      "id": "4",
      "type": "Send SMS (Twilio)",
      "settings": {
        "accountSid": "TWILIO_SID",
        "authToken": "TWILIO_TOKEN",
        "from": "TWILIO_FROM_NUMBER",
        "to": "{{2.Phone}}",
        "body": "Thanks {{2.Name}} — book your appointment here: {{1.booking_link}}"
      }
    },
    {
      "id": "5",
      "type": "Create Calendar Event (Google Calendar)",
      "settings": {
        "serviceAccount": "GOOGLE_SERVICE_ACCOUNT",
        "calendarId": "primary",
        "summary": "Visit - {{2.Name}}",
        "startTime": "{{1.preferred_time}}",
        "endTime": "{{1.preferred_time_plus_1hr}}",
        "description": "Auto-scheduled: Lead from website. Phone: {{2.Phone}}. Roof: {{2['Roof Type']}}"
      }
    },
    {
      "id": "6",
      "type": "Send Email (Gmail)",
      "settings": {
        "to": "{{2.Email}}",
        "subject": "Roofing Appointment — Next steps",
        "body": "Hi {{2.Name}},\n\nThanks for contacting us. We scheduled an appointment for {{5.start}}.\n\nIf you need to reschedule, click: {{5.event_url}}\n\n— Team"
      }
    },
    {
      "id": "7",
      "type": "Delay & Follow-up",
      "settings": {
        "wait": "24 hours",
        "next": "8"
      }
    },
    {
      "id": "8",
      "type": "Check Status (Airtable)",
      "settings": {
        "apiKey": "AIRTABLE_API_KEY",
        "baseId": "AIRTABLE_BASE_ID",
        "table": "Leads",
        "filterByFormula": "AND({Phone} = '{{2.Phone}}', {Status} != 'Booked')"
      }
    },
    {
      "id": "9",
      "type": "Send SMS (Twilio)",
      "settings": {
        "to": "{{2.Phone}}",
        "body": "We didn't hear back — you can book a slot here: {{booking_page_link}}"
      }
    }
  ]
}